<?xml version="1.0" encoding="utf-8"?>
<!DOCTYPE install SYSTEM "http://dev.joomla.org/xml/1.5/module-install.dtd">
<install version="1.5.0" type="module" client="administrator" method="upgrade">
	<name>VM Customers to Joomla Groups Assignment</name>
	<author>Reinhold Kainhofer</author>
	<creationDate>January 2014</creationDate>
	<copyright>Copyright (C) 2014 Reinhold Kainhofer, Based on code (C) by Nordmograph. All rights reserved.</copyright>
	<license>http://www.gnu.org/licenses/gpl-2.0.html GNU/GPLv2</license>
	<authorEmail>office@open-tools.net</authorEmail>
	<authorUrl>www.open-tools.net</authorUrl>
	<version>1.0.0</version>
	<description>Assign Virtuemart product customers to Joomla usergroups according to the products they bought. This admin module allows site admin to batch assign specific products customers to specific Joomla user groups using multiple select list. This admin module works for j2.5 and VM2.x. Install it via the regular Joomal installer, then go to module manager, click on the Admin submenu item to list only admin modules. Then enable this module on the cpanel module position. It will then show on your admin Control panel.</description>
	<files>
		<filename module="mod_vmassign_groups">mod_vmassign_groups.php</filename>
		<filename>index.html</filename>
	</files>
	<params>
		<param name="selectsize" type="text" size="10" default="10" label="Select lists height" description="Default is 10" />
	</params>
	
	<config>
		<fields name="params">
			<fieldset name="basic">
				<field name="selectsize" type="text" size="10" default="10" label="Select lists height" description="Default is 10" />
			</fieldset>
		</fields>
	</config>
</install>
